1.5907730323967642,7.710871475664667,10.14698427293336,6.9150073717684535,1.0
2.282432928385965,8.789511609581918,15.933099534779174,6.243604998809112,1.0
1.8109867353473523,7.086350676038009,-0.46878788686568207,2.4499725106572416,1.0
5.161749217985708,8.969954924104632,11.396439749222377,3.885637281069905,1.0
-0.06004539458562208,7.593789112796775,12.41380761656011,2.7675627153574665,3.0
0.4723348078866314,8.85922362470153,9.867365897366946,3.616704127458062,1.0
-0.39985780037705254,8.329402046103239,13.84597926971423,2.430022622271861,1.0
4.191254761266499,9.119086162352293,13.420497903416766,1.59676425811159,1.0
2.2647631578934075,7.713297842600197,-2.9774406613934232,0.41070115081691155,2.0
-4.353272811143966,7.473946975903099,18.036245208764903,2.9789818589270394,1.0
3.9658032163493013,7.169808649562484,12.494447171872416,3.023985459576982,1.0
0.5571496384223373,7.301547843157848,11.36731328830383,4.700857667642543,3.0
0.3442657884462432,7.536180128236614,4.878465550363873,4.939805215564898,1.0
0.24264015132107897,7.985516621401873,18.544325608427002,5.3085801592947695,2.0
-0.9477368867438862,7.960523898968248,21.60025592456217,5.249193839549338,2.0
5.3713449828415945,7.312507595366016,13.541837418499385,2.5022158850875837,1.0
-1.9295294794707054,8.63515615814525,10.909278849234544,0.16470178648180067,2.0
1.8588867882140017,8.56919541075075,8.454749350401578,6.920724370852342,5.0
4.865816002643729,7.898407985860183,3.004064610843325,0.7894401601334751,1.0
2.782152341030195,9.25545470344391,4.4666027934915675,6.424748655531199,2.0
1.399289969763736,8.343664199686748,13.417377643740776,4.186964120779502,2.0
-2.5051745243650103,7.68274068718486,6.896054777480405,1.6477149070230523,1.0
-2.4787489053187164,8.044313824201167,15.661170179283765,4.446335307960151,1.0
4.8960525097196825,7.857918179361529,6.486678142906764,4.789295156439595,1.0
5.560838996716307,7.1981818257976204,18.89661392618671,6.4981422192814,3.0
-0.2819673174001216,8.016941281241326,6.6487280085170255,4.0990069735636645,1.0
6.444750725223418,8.144804532110449,14.074001407478864,5.788251497780128,1.0
2.036007747845021,9.4674104550675,14.091217426739277,2.201351856981482,1.0
1.7945912425070891,8.886675642976964,20.547456335239904,20.7353271864184,1.0
2.7590499212621133,5.5511898606925625,21.34042163876984,5.649448649728784,1.0
0.42077635629923593,9.308653101603618,0.9841093094390949,4.177308424316054,1.0
4.388393269492045,6.6727609177473735,12.669277900224426,1.5601438157921383,1.0
2.846102635791048,6.136314107038806,4.607806351606172,5.0524145183841735,1.0
7.407140237852072,7.925872828987833,14.482322320308235,1.3966663318501369,1.0
4.8179635047923295,7.631218493415917,16.215069795731914,5.670870026863601,1.0
0.3892014954165621,7.73589403903406,9.70220849520165,5.162760976240983,4.0
1.2104693355231382,7.494930368400307,10.78730000132125,1.6854965487457183,1.0
-3.331691047645461,7.699202674269979,15.160441807641266,0.658528858121941,1.0
5.447000391458413,7.83589574833477,16.753442638689066,8.516506663043605,1.0
-4.622017436100631,8.93891148092134,5.167314215768378,5.556593722127579,1.0
6.623503239336576,8.398367257411989,15.57769256395416,4.615183596629872,2.0
0.46252038512851046,7.669108166239287,8.308658327432648,0.03479106494207808,1.0
-4.43693690078754,8.384370157436788,6.428818722435119,14.47159166573698,2.0
7.966360199243956,10.495371443849969,3.138869945842848,1.9751230779051585,1.0
2.9662672017028475,9.845687237831338,16.745601919928657,5.149074636054466,1.0
-1.795448506317257,9.52537929754899,10.553461912077475,0.9102587592489625,1.0
11.814389910086327,8.24020113419012,14.68518261783337,1.1673473652418462,1.0
7.3595147852894325,7.322008049918346,8.890061806028037,0.22905531255490172,1.0
1.3929897592183866,6.735522163911006,18.240012179651913,0.8296702969596115,1.0
2.612824021176589,9.167802473003443,15.170292414579905,0.181368484816252,2.0
3.764904183691164,7.731069535122278,16.062548078066165,0.281438440781544,2.0
3.2919150636267536,9.010424151491542,18.269433341213293,5.162035522703829,3.0
3.286155842541355,7.775096152291383,8.316761474662552,0.46098998122352863,1.0
0.5287495524886605,8.175630931120338,9.606290063233116,1.7276816696207185,1.0
3.7498053072250026,9.978810850058887,12.527720177489863,7.497998717123253,1.0
1.6995250013179328,6.68302998595708,14.740858107158552,2.593830389282965,2.0
-1.8260649217074776,6.230366920159745,25.440221180331594,1.3080970575363222,1.0
4.826809572602848,8.980251375905981,12.552736618036386,7.162775448551539,1.0
2.043025783853487,9.599043788061742,7.608383265862454,1.283043875296071,1.0
-1.6235183050287558,9.57597247387132,4.564669168060422,0.19475944376064636,2.0
2.5030311967612997,8.358960048233353,18.96210393772297,0.43398975451983285,3.0
-2.057273670104956,8.211804832498263,10.74980522788676,2.4462753102843235,1.0
3.5556569309362436,7.513496996287106,12.830824717656254,5.038898988537859,1.0
4.001792664286532,8.848160442076413,13.812742523222662,5.14240041219011,1.0
3.6361928143051143,8.330615989776861,4.671597784825147,14.536032013983377,1.0
0.6188737495607475,6.100684813200587,9.353659783179772,0.11998984741203968,3.0
8.318333860512528,9.850745608049598,12.206604366184528,7.868694414017312,2.0
4.38739317274579,9.627588088688464,9.944186378714354,6.331249772270157,1.0
-2.321659721495447,5.261616234206704,16.836791511867563,13.992102612497057,2.0
0.1378757340618897,8.81088417457664,3.221994192190989,6.767599940025009,1.0
8.481255469401509,8.123223646441,13.081938128126167,0.6963457764632848,1.0
0.48007778781455057,8.974495413319318,10.089083637447409,2.331878762256045,1.0
2.249645410813556,9.6146582334427,10.556512036246328,6.925424741596466,2.0
4.622504517295146,9.143948324440208,10.701956619207616,19.27876497744291,2.0
7.955905965693985,7.369949510912398,20.287854772694665,0.12307237616394942,1.0
4.6414852414839025,9.314017354480848,7.764909027621404,2.9348164585398697,1.0
1.2524572639065774,8.00128105780878,12.673792565616472,11.49057589544738,2.0
1.5126478892975723,7.4966221601233825,7.178269481277538,3.537742941733752,1.0
5.5668583473827935,9.514168536458055,11.919058053261312,3.41975160834885,1.0
1.3340194055168655,6.30936653649334,6.362778251271795,10.041003188561518,3.0
2.685969929265656,7.388365176004486,5.494398458823509,1.447567461297275,1.0
0.4483451272919057,7.918311176183522,8.779340926812266,0.28743897663643225,1.0
1.1276762726529568,6.88238273715911,8.12658595316405,0.27745139497238674,1.0
1.7030232510429584,9.876223639064582,10.255063170769994,3.1236994489313763,1.0
0.46082299905743174,8.440952210014174,10.526139420355918,10.812760345936526,1.0
1.0031823546574357,8.00088858646038,12.757164571406562,6.995763384741838,1.0
-0.6744373649329676,6.99557898574532,6.009899610801601,4.660550207302006,1.0
-2.973936794704472,8.403840157527206,11.884013014288307,5.413028956085626,3.0
3.8872765266054055,8.335287280408856,12.35652505954701,0.8841141281810482,1.0
-0.9495662580135531,7.216192628486233,-1.1285245053975181,5.568903310197834,1.0
1.9354083466485414,7.6570320625101695,6.544637113486068,2.5221845505487184,1.0
5.837788907493126,7.56653606733286,12.792031464072009,1.8395136533066547,1.0
6.865653111190156,8.40357962457334,13.631034508300255,12.32632609410406,1.0
0.3016247904370877,10.57125221786244,11.673037525486889,2.004353730539632,1.0
0.4620247033988858,8.2669186628781,14.152460315324028,2.6254349066685605,1.0
3.9295196466066287,7.7365406046454215,-1.586597250418901,2.6286614933288304,1.0
2.100653363595176,8.418343915507844,10.164174416401346,2.8283392231049223,4.0
-0.3562772708635711,8.195777105491436,5.6795193231029,5.8213871962583035,1.0
9.222699804246256,8.52396596835306,11.245816317832977,9.20083890715995,1.0
2.8640832365792295,7.854298324891661,3.712765577002215,4.745075717476703,1.0
1.2228002870277943,6.973985897117742,7.023049866604055,5.481010122997,1.0
1.5040208465399032,8.931951830374985,10.302787093799763,3.0534793973318783,1.0
0.567926747532439,7.565697735304115,7.500482923574789,0.4471755461287325,1.0
0.41434336184679843,6.579292969445826,8.976492201843385,5.4564459072513,1.0
7.111239292908059,7.819346697871674,19.48995436696312,3.1939892195036816,1.0
1.26590352194234,7.60625055559372,8.545297239991225,9.86777824857355,1.0
1.5579917585237644,8.27556506565704,1.8475487761345306,5.533176407040541,1.0
0.7756553043127699,7.838398353729705,11.365100739752434,2.284214886899307,1.0
4.567756907329407,8.930690001284646,6.3155101463660905,1.3054190781553099,1.0
2.6624818885446424,6.7365170474506195,13.181537553881661,0.08640427246991592,3.0
0.4879458754549735,8.246154691750787,3.2295532277757513,0.3103120312983898,1.0
1.051156130436737,8.971730403128685,13.379130681716678,1.7708563307184368,1.0
3.131637084950629,6.58370167459849,4.714680666505416,1.9710161277109648,1.0
4.17131652836355,7.115226385936,1.9149329147329297,5.8539911980689245,1.0
-1.170697763552714,7.208331721989603,14.136650904491631,0.7183690202105563,2.0
-1.1187598084733459,7.548909498194039,1.5244636223592103,3.5740225103898093,1.0
3.189962624141801,9.388187252716957,7.1723221567210125,2.3169236645161853,2.0
0.47444947114349967,7.249958410252511,7.3981292082110155,3.4780678421634104,2.0
0.8399755047187236,7.856987357269647,10.333433127419376,7.009452675648218,1.0
1.141669461913049,7.355264056339389,8.367280260500936,15.090960433275226,2.0
2.0912351181077877,7.171863501907341,14.527041981153749,0.852586620660543,2.0
-0.59211933175576,8.285406757667092,8.114198278863672,19.110322040859597,2.0
3.8653364510628827,7.450801396852874,5.898274708835264,6.243990832719617,1.0
-0.5792439802739495,8.023746470794618,-6.456095154890942,10.971805817931124,2.0
1.5146628908619082,7.758908275276666,2.7152813722297964,15.595742721768046,1.0
1.3776008074837047,9.20480965794393,11.05979241171774,0.44028815133304805,1.0
-0.17595459812210024,8.321383833157237,8.86375791306674,2.353699431284626,1.0
-1.6646243592289265,10.564037452649318,8.863384437636412,10.636536501531538,1.0
3.6578630497789684,6.572194469779667,13.38426104555021,1.8566325106662358,3.0
-1.0668961478228658,8.236044793624268,4.806820294181836,3.519065511022033,1.0
-7.422888818841045,6.888050876471203,7.435919836246958,1.0464153153393734,4.0
-0.91659271824919,8.225315183778699,3.4263605973257594,0.3218772920337946,2.0
3.3467632769141633,7.093272759414654,13.406452582136035,2.4261635871533485,2.0
1.9427829577782196,7.46078705799169,11.931333774163832,4.0492885160377,3.0
0.6706428820007115,8.250547864371345,7.340011952729111,8.680484382994395,1.0
6.737478604411924,9.16285565037377,5.590616535933008,0.22260860633875512,1.0
1.3014681292056296,9.300214676971185,18.989451345665927,0.8638614904622195,1.0
1.9960484977398183,8.205558861178138,16.789039135444515,8.453234703640591,1.0
-0.6331404648653485,8.624833852791594,10.34554902002164,3.677452650562032,3.0
-1.3723633171240373,6.826902334439893,24.549195103210813,3.0891176472948043,1.0
0.636102197350078,8.23555414418432,13.688356591421778,8.854856377840393,1.0
-0.704304834601587,7.936525148206943,12.216124497504815,3.716676663937308,1.0
-0.6050808441237701,7.787525850499445,2.0093957674183454,3.3387341128342376,1.0
-0.18332098600114888,5.949558890920761,12.105129959904524,18.013306990487873,1.0
3.698553544951151,8.42959959545216,9.975786331605711,0.5128657085221747,1.0
8.264090818573091,9.16776655185463,6.205777852469934,3.604693589888995,1.0
1.628857200818548,6.719369357255573,9.522302196706452,5.023997488256492,1.0
2.1146247839614616,8.022730620261058,11.95573553624439,7.697858635019474,1.0
-2.1476728374058345,8.345894427473837,9.697471863750833,0.424319310384094,2.0
4.458522603550362,7.445223066182053,10.237886630906239,8.757029560784185,1.0
1.1754464536420222,9.079096103131562,-0.5810881744192962,1.4407374561430104,2.0
-1.1150905974286527,9.034643784956913,5.324314568824248,1.7759997806958523,1.0
1.5173910739521415,8.189548242020429,-2.6246660957418353,2.5080964840645357,1.0
2.591357183961721,7.84970692825569,9.83346719074765,3.1861401931726046,1.0
-1.6642935170300106,10.154694372360272,21.49572739369822,1.347109006498001,1.0
5.278015310988028,6.98988853187188,1.1394927858008899,3.404259931564953,1.0
7.561701756257725,8.652113608531945,16.87871443486057,8.361980267905558,1.0
4.92002151240799,8.788041859392028,13.514531484029135,1.1020558242237204,1.0
1.5727860151857782,9.623092964875866,13.7607281459052,5.337980676299518,2.0
0.7141277866354074,7.941832479302592,5.567552939111643,5.026969043650566,2.0
5.477635784595336,8.64615354240869,12.55528301909588,7.267585762854621,2.0
2.822111515514399,8.745835216903734,11.829915145019278,11.928400808049508,1.0
2.1561912681285573,9.33714150966283,5.715803020972381,2.094108802784304,2.0
4.5307830965625,8.351593184353076,13.552516167404724,5.908235168909376,1.0
-0.06002495599699742,6.583220911451839,15.54810682899656,0.9122081880504255,1.0
1.9744398992019585,8.382737401867702,14.960823735336419,0.6115836414259319,2.0
-2.8373473396889644,8.89584942871819,5.899272312086666,1.6887542326262042,2.0
5.253697812281013,6.882779090154364,9.425324331377476,9.072823316416052,2.0
-1.1569518630589655,8.666579001608035,9.989637985969583,6.88672253525821,1.0
5.839406262486125,5.506657650335737,11.246087974883459,2.962200295795933,1.0
5.239042831410878,8.44429402800666,8.31812777927173,3.0965523105839834,1.0
5.362300497567377,7.363205170356707,25.219215204759593,3.2831446383190155,3.0
1.2354392261127782,7.293828672425377,6.918448339598841,0.9545148446364199,3.0
3.160218036230358,8.410000668670905,21.20620855171443,5.0842114550357005,1.0
2.8260614596116627,9.06944884208232,15.182415349634535,13.355833881457523,1.0
7.395307658143656,7.218044982591574,15.00433134799826,1.762385703344546,1.0
-1.4066796729358844,7.361418166347335,10.838374910179411,1.5805952889082935,1.0
-2.357722144786255,7.8881516899380895,16.278573150546997,4.361109077865022,1.0
-0.8628964465437963,6.618810977922063,9.138118610972128,1.9036591947406332,1.0
0.07073739791299616,6.94981492098861,13.232825555241991,7.115119795999622,1.0
4.355955244525269,9.390799429284646,9.875831556828672,1.739318195566736,1.0
2.3740186451699055,6.349462764383063,8.31602644413389,0.3618816582888628,1.0
-3.5779406224445687,9.083078699865926,-1.4891270317717762,17.413012501649906,1.0
0.6053793779441763,7.36296135091888,7.842667183715426,14.49526053038403,2.0
2.2920978230337505,8.66141996224248,11.832976328662076,6.697029410104894,2.0
1.8296795485131943,6.714725147095897,19.545547491041194,1.7527241802618403,2.0
1.6672572116995688,9.625724109406153,17.368978213461933,0.9697769164341661,1.0
0.25430634019767995,7.824264789066346,2.3765854325753537,6.60805636044521,1.0
1.3709865875348197,8.15657935759861,11.369223832411246,0.38386096690455196,1.0
1.3814946174181517,9.287407037913104,8.294736000961265,5.058714471764558,1.0
6.958794998748464,6.922556936244723,1.282521623354409,8.953937460273403,1.0
-2.9831934586965776,5.8490850656069995,9.679107050338967,2.5792456204780363,1.0
0.24936050026960288,8.343270418121408,9.61353758291609,0.6575500440974674,1.0
4.62417874440294,7.693888560341387,11.402607478389287,6.696439006442266,3.0
0.18920131182248756,7.671581785987058,15.572620023410328,6.160630141009939,1.0
2.161490589019487,8.187260562326834,10.958916960788162,0.3454755524545938,1.0
0.2611408277715648,7.405635553876542,-2.6829410495573853,0.10663695319047059,2.0
1.4988701253580385,8.85164728165734,8.747776151833994,0.5726574459837669,1.0
-0.00840924827998668,7.964114087450806,17.05283240275278,2.354828866338844,1.0
2.3662860443323765,7.897047654139427,6.6475958560135435,7.890097679381788,1.0
-3.4816767880486514,7.536356935415217,8.782477609288403,1.6585127640147261,1.0
1.8798770506280285,8.993648488935843,11.46355522865957,13.389696642099365,1.0
6.076599070215252,9.87091580181696,18.143026461788796,3.0835703431423185,1.0
1.334246720273862,7.771019536935886,3.674661787630064,1.1338262785827111,1.0
6.872464489981153,8.49412131477925,20.88118331043257,5.891463234103963,1.0
3.197877742406488,6.850204447776038,17.0048573427878,0.6332600054018898,1.0
3.465826998910142,9.777168089816131,5.188142334493602,3.2023475546647506,2.0
4.62949332335465,7.622173169160442,5.992265374860477,11.436811762971203,3.0
0.9219264369239724,6.872950538883307,10.470160318314816,1.450551585956683,1.0
4.4020332342051045,9.05705506113555,13.21448440813462,1.2674438374202648,4.0
7.381970516638308,6.003745900162644,2.215028132883903,1.9683818603886472,1.0
2.082294141010579,9.688388275962536,3.345840327599083,8.34037568141316,1.0
-0.537503671448933,6.998069513552616,7.939652033017055,0.726055241799768,1.0
0.3621923333155739,9.050489171495421,10.496171062082581,1.3557547965063483,1.0
9.825741419805146,9.07984700786005,12.732293569312976,1.1733706297449562,1.0
-3.106347657095621,7.611169539235983,14.080552369307728,2.104323338243568,1.0
1.5640992426211922,7.445084597981994,12.640495797395173,3.9694561273953157,1.0
8.323241446319011,7.8897119675866465,10.518532001006317,1.340577886220584,1.0
5.0076799056437045,6.55765678580407,10.362755982148842,2.7118054696176093,2.0
0.23302160260639715,7.221052913517843,14.492254797300614,2.7908269850982115,1.0
-1.920867096693467,8.580055902900227,6.90145047028259,1.2943949760201712,2.0
0.5333142160913913,7.15336095537034,9.152658307622039,1.6615774750254309,1.0
6.083347578149638,7.970441676161924,11.049067349146284,3.910920494806467,1.0
8.38942627343232,8.020518061441296,13.667997473615701,3.610273108831695,1.0
2.37761147237627,7.6601947566662565,17.152705103482305,0.41943857642955,1.0
1.2744010233490388,8.310867495420869,10.621013708290137,3.745373067661983,1.0
2.1789895254736447,7.468309170354605,4.3776551442064076,3.6367201050831386,1.0
2.804828443771357,9.141336398379693,14.521057767223155,3.2772768299210124,1.0
-2.2828788852405166,5.694292422698969,13.810227127068895,0.5796342698087888,1.0
4.233028372792324,8.907259907585198,18.79264701060864,1.3277059919683016,2.0
3.796366906626554,8.603800985207892,6.855188330670355,2.897425354820954,1.0
0.9931260803038424,7.239865905345479,18.06532642273016,0.6956384408538256,1.0
0.6278350922366456,7.485590906175454,9.984125736666936,3.8028367495813504,1.0
-1.6087346442411725,7.59383288124879,6.816485886032726,1.9929215977209667,1.0
3.6390716052205025,7.277391620885009,12.799967120315138,8.248130597270318,1.0
-1.1116771857985848,8.043489008307892,12.80316406083082,1.002982567437656,2.0
-2.2711258587275065,7.429427060976144,4.022644280258457,0.7819993651516803,2.0
2.395102952790385,7.382776274328444,9.487467385902335,5.590343735179254,1.0
-0.8609210717762918,10.554011869093157,10.038980468327996,2.713563170326337,1.0
1.0248767776895331,8.4033936108919,6.34415583040529,0.03257685787696576,1.0
6.948807093518268,7.730502842113802,8.668971422079622,4.107144736539534,2.0
0.2717713827153938,8.638350328294374,10.37728701787028,1.7167732025300733,1.0
-1.7230039633055982,7.258525939541171,8.555712531880818,2.6041525251430615,1.0
2.2068599066277175,9.025095546758648,12.846729599240117,7.215535861658459,3.0
2.490616656129928,7.385253637610102,9.277627512037483,6.869036051045231,1.0
-0.9544965625431656,8.56749736954336,7.7489000473115555,2.606920127545666,4.0
7.310860796468681,7.239998528820543,10.981175329727582,1.7958412218919781,1.0
0.23972852503891717,6.990747105584998,16.97863986056074,2.7844189837743696,1.0
2.8189216843112614,8.234549764045534,24.56568178390478,7.6791416919246,2.0
1.6794057936077027,8.95612689966949,8.367702484513844,9.988128110889939,1.0
3.852498118781405,7.562403650863625,19.837878515076095,2.088548865321489,2.0
2.8099233916803836,8.001594165607592,18.59131203216412,2.6932992493551215,1.0
5.250503931065979,7.99038802100157,7.890958185315845,19.031581269408598,1.0
2.2148459657194044,8.75476899295467,13.727208963740829,4.620015360583819,2.0
-0.34171476626905495,7.746588904102764,15.591628477366115,5.377576895838162,4.0
2.215093924327031,7.311618398015686,17.32771420016873,4.766034031656358,1.0
4.444885066749784,9.647715600702265,8.047038083833508,4.3374473958073185,1.0
7.111249703243763,6.776389951653666,3.3794511528748075,7.618987105167661,1.0
1.7410345965124512,6.738769367819644,3.8861293972530433,1.5701607483813986,1.0
1.5296083088533392,9.317282901400048,8.355527543150199,1.2945600496684933,1.0
-0.3123092273060326,8.502345736940423,10.429607276678016,2.8417549449633905,1.0
-2.170283785168346,9.498882646766429,0.6475560408504126,6.4325912820454585,2.0
4.160822305298906,9.35334204550609,7.950970545385972,1.671346323335806,1.0
0.6138840538859207,6.899239847791656,14.209420170459792,6.088912317613765,1.0
-3.3442790539191867,6.532006355261441,13.86255203854841,0.4664922158756161,1.0
4.387828442155184,8.852243897656617,12.367160169504354,2.344068204756968,1.0
1.534732992684639,8.195454545266616,5.685589194277078,21.637667604786138,1.0
0.48519733659364417,7.5338364303366765,15.286412982545492,3.7346980334308095,2.0
-1.1895576786588817,8.539969608253296,13.71409727483001,4.339817755531591,1.0
-2.437879554178158,6.490998049811043,13.317372572129365,11.005605888206462,1.0
1.8361847533037046,6.7900573274849165,8.58939264141702,0.44817362010378825,2.0
4.940448954417384,8.826370172517729,6.519246216267,2.425431496003128,3.0
1.1106820911997033,8.522515755721077,17.523141095334665,4.451448699708595,1.0
0.05904891162914838,6.9462544849059995,4.10523293012378,12.3504121342377,2.0
-2.965615090726285,7.4000541704089615,12.080305161021014,5.808331791582669,1.0
5.887245811054792,7.949975788811294,18.624933127461507,2.0208372025282264,2.0
2.604141669088286,8.544236481084457,17.18288533564322,9.335662623843753,1.0
1.1754991436807303,6.525504720920115,-0.2310643162691619,1.6463170408958747,1.0
-3.8706755906476253,6.816307682061527,10.388749976140053,11.852866759186075,1.0
4.974616444821195,7.658983535762936,9.750010371635268,0.3931511678000301,1.0
-2.4975248434156923,6.994386204866125,8.243742407068336,1.26537692300255,2.0
-0.9223826448342818,7.625188780372393,10.154895269560477,2.099021113837774,2.0
3.7156593115188503,5.723537271858201,10.847311873837686,0.041332267562468654,1.0
6.033245839806452,7.848233899648329,3.754474694239578,5.984313079228274,1.0
-1.7052021212962005,7.364403988497312,9.619185008837144,9.382249765074544,1.0
1.740523644994846,8.19938503056839,14.161915165593886,9.543293541852854,1.0
0.1708159220595944,7.775739453379575,19.650659069506112,0.4558673008725492,1.0
2.3644199258579848,8.695504202892252,-8.179940126541702,3.7145123021334174,1.0
4.643870181077919,8.514955289218346,15.595120859758126,0.9569989547060391,1.0
2.677361120169726,6.480773660099642,11.469839005959148,1.7356088178625075,1.0
-0.47235267660038005,7.666420990747717,10.642616931375544,0.25675079506849874,1.0
-1.4406887601151226,6.708057414193014,13.982972789912669,4.276823942499062,1.0
2.5786883979625568,10.195876006173775,22.34603051185162,4.714680450286529,1.0
1.500336031577644,8.168507640475953,13.364352241282894,4.958425449346087,2.0
1.7452562607100024,8.969019195343877,7.718215522944238,3.708201064485618,1.0
1.1039962855079986,8.762280383717554,13.823257980280975,0.4735084492883068,2.0
5.019587110059716,6.1998526168360515,17.76076186159372,2.913277760339771,1.0
1.9383876939219014,5.970898480123385,-1.569747138303395,4.889650911944745,1.0
2.9829929695484863,7.9173894110203635,9.693361957798777,0.1808406886141846,1.0
1.9411672142577003,8.040097272576403,7.707199198072058,10.215275989276513,1.0
0.24144462150254498,7.802146561321924,15.97495795355957,10.20387971031717,1.0
6.87180307477358,7.798983929262532,18.454032122168492,2.338985633449694,1.0
2.203610989847204,8.3453791119265,8.527399430576743,3.6251869253248827,2.0
2.0878656514634333,8.766897864658555,9.94464428104585,2.1898750027451683,1.0
-1.3208266054814346,8.464927669582197,14.031481278108744,15.526381934949256,2.0
-1.0368613324584572,7.408943236145788,7.4498331260270305,2.589075158665078,2.0
1.2567854362701316,7.052554487225026,7.700414613687405,1.3900690189931542,1.0
-1.648646456525892,6.491165518213084,11.50302664135907,0.3482298872365712,1.0
3.6900059368410076,7.57975816078314,7.870901232242358,8.078573076483732,1.0
4.076100901258781,8.484958139800222,10.226450977164825,23.166607113258905,1.0
-2.4222356542811587,9.106402102153826,13.597286386133138,0.04485229624751435,1.0
-1.495620904185329,7.95869877998449,10.038808643004684,0.46282446377398095,1.0
4.658910869791175,7.692457563344611,9.85697551322682,10.270116123827075,1.0
0.13168501403778254,9.265933984195202,5.028790299749327,6.401683556203745,2.0
7.137313900157283,8.277594639141302,5.417545778377484,1.7603272045329983,1.0
1.3114191583901817,6.7103668488523285,11.544354518541994,3.7467133099973906,2.0
1.8944989458722565,6.8012226857484555,8.120701969641967,1.2943211342714034,1.0
1.5493509270241246,7.697408260111618,1.3165923971562794,5.668070943725831,1.0
1.9639693954969888,8.52403298016434,14.442206953815134,3.3106597860864,1.0
2.9258174247700524,8.177963398166272,12.928543146942912,1.5806649148718892,2.0
3.3618800294274402,7.510885893691878,7.04525607130927,1.2635512666535818,1.0
6.751685053952308,9.651363584326962,11.79278282898075,2.304054656541151,1.0
3.629591864802597,10.082880947504437,15.555317615944778,5.461642150133685,1.0
3.2698859594983087,9.79114514343772,14.463874472186465,1.9225951905953953,4.0
-1.5532425313568528,7.0659385342397965,15.65491531028557,2.474163372577147,1.0
-1.5798883357815803,7.489525036239238,11.340318988336634,1.512589302139092,1.0
4.886506113306657,7.759687155568647,9.960132750518518,3.086332158887874,4.0
2.1077384722842356,8.669124307422706,13.32614825409506,6.4390685696078105,1.0
-1.8029084696179014,9.74015281591623,10.013654741053683,3.130999274422031,1.0
1.1163222092369807,9.073115050987298,11.142867230073493,4.272445853192911,1.0
2.58794696464392,8.821018857247012,14.52424832667781,1.3379550966403027,1.0
-0.7274895234103544,7.072283669633664,14.068200354232074,1.0842371683876697,1.0
-0.16161991342084114,7.204052909430332,10.60417606615443,0.2077219384217423,2.0
2.5434050225140954,7.841524771011873,12.89653855083606,9.160889843276363,1.0
0.07401781544805752,9.633320091379634,13.122879535770789,3.112107968675693,3.0
0.8893241146307582,7.990892238801633,7.337100085192983,1.380277592043188,1.0
4.611617581178865,9.279959824273677,12.017156177028516,0.9874357743144306,1.0
1.1180866887597278,6.955540703273382,9.790186211040034,3.626389488997186,2.0
0.32215263921325654,8.183729748247153,3.51170918456671,15.602992892806617,1.0
1.193439708441022,7.159582984264581,10.774449348590991,0.33508089394433543,1.0
-0.33766917931444773,8.408384600905977,10.716460104057163,6.1965536209295085,1.0
3.992162417859452,8.451172010701987,12.398554928247359,1.4024703459824608,1.0
5.836543723352603,9.205956645468309,14.02463213103688,0.9264498100412626,1.0
4.968618095936757,7.799899385511709,7.434556390553061,0.06587312054244865,1.0
1.7106451327375654,8.437476482216402,17.77652115374995,4.21593321088135,2.0
0.07540816770850078,9.528769691918836,15.42933349772594,1.7410007210790366,1.0
4.809696199225462,6.476745182412074,9.433353369741045,14.945860986222028,1.0
2.558279828363267,5.308452633877852,12.996882994961705,1.593120701157958,2.0
-3.3242479716656,8.425621342949302,17.216679890220373,5.735747287827153,1.0
-4.830079376682207,8.509052616223162,10.130166387117123,1.6469047365470335,2.0
10.471758527450104,7.562882027647424,6.584465111082334,0.7071337950815106,1.0
3.1574418674916265,9.134306701520563,10.243218633899223,0.7521554444712062,4.0
-2.7592759828865585,8.642161887026495,14.437113923188868,2.4771724440906353,1.0
4.523440176453275,8.623660385361498,6.60302086206031,0.3635922024879345,1.0
-2.37388038353098,7.963568845064118,12.044885063371371,0.7806034116447688,1.0
-0.49648518827769905,9.53229123324128,13.607709685441534,10.515061626932372,3.0
5.040745211815171,9.479514577318731,9.46511567521874,7.158520958425527,1.0
1.074206529433099,7.610858411868289,9.125815271192932,7.0204958799777035,1.0
-1.6552380126301727,7.282090827899017,2.5500304758085903,1.7018934434423283,4.0
2.869400490016422,6.059848886149284,10.461341308713719,1.9375483812733942,2.0
2.646553359186165,7.070614595216328,21.26891494334769,4.404046075639766,1.0
-0.6682275511205864,8.143235480623424,14.532179867954959,12.381199168618704,1.0
8.393004325847096,6.928952447477194,6.730570146555956,1.1636058013636816,1.0
7.706191331589512,8.493915607792342,7.394571298103362,2.3780486178362135,1.0
4.327257655312155,5.997831774017095,10.60185506440609,1.2420706865172186,3.0
-0.8600706290171574,8.179915064279546,11.653701882907257,0.10373482382765184,1.0
6.437672178033717,7.274146242562762,12.98971307405243,4.054137990067707,1.0
0.8063391148798784,8.344539190890005,5.716976458553333,3.244033461991746,1.0
2.176175069018301,7.934139045912176,8.599973057974863,0.4390604046226715,1.0
2.9203640369443606,6.381223617577078,13.720154728747534,11.509521423068595,6.0
3.4590071659123174,8.128062626234119,18.110006527186954,0.016784164182918743,1.0
0.00076910698103827,6.640724797214345,7.443417711401045,6.445021995665863,2.0
1.4387711589924734,9.356928374635494,8.969114499165144,9.76280515635894,2.0
-1.8142578350701433,8.615543638126415,9.761351107110098,1.5997861363027397,1.0
3.206649388587987,8.867281035461172,11.778399540329405,5.884029537529821,1.0
-4.373103264617555,6.469489210046117,9.72293773459498,2.6100816856310423,1.0
3.5432734325656567,7.194222285599225,18.136698401576716,6.433347108510579,1.0
2.2216447975408835,7.921977195222579,10.344011727671258,2.039127373916613,1.0
-1.0110246885597363,7.913029552651457,11.232262647481479,0.8937426035295771,2.0
4.346045943854582,7.039767267184821,16.543506529945233,3.4901318270501345,4.0
-4.139098302278155,7.8784521040956585,10.840171269395698,18.621725593606346,1.0
2.2753835217448204,8.331390582342092,6.166475336777068,2.8581113403425586,1.0
4.773684713702605,8.023572267325108,11.854831895688864,0.8947145803364209,1.0
-2.0632900236145186,9.013157265726193,15.736932207844564,3.7924314753386454,2.0
2.5551829474931265,8.496638318745926,15.933558001446926,0.8519177609167743,1.0
0.9803756325825157,7.036229465242558,22.821019128021824,1.2376429278793382,1.0
3.6825810377511727,8.02254218857919,27.472753631114198,2.7080295652048503,3.0
0.9059439342074063,9.28867652198214,8.808739587953502,6.908558305073514,2.0
0.7921343185129861,7.721656511262561,14.517345767059016,9.187689592508576,1.0
-1.16127950728649,7.494462575773866,10.572313761035716,2.6116229800818043,1.0
3.908406916744434,10.190823462169341,6.466872596358023,16.815623881777608,2.0
6.00157820614756,9.092096772393724,11.946366960087362,0.45367404052685073,2.0
-2.8288144084066733,8.327734415163688,14.923185821499692,0.8990706278783006,3.0
2.6161682979835383,7.759425595550759,17.63844139396655,3.0443054175236504,1.0
0.9876474110490214,8.12149577087019,8.705314346654566,4.996911488487726,1.0
5.127161369116177,6.544004375055467,5.956927467819332,5.6594884124236895,2.0
-1.846840743724849,10.219112935387551,5.482448458107786,6.275468058321863,2.0
2.560717752982276,6.3046021484743635,20.585581113284285,3.8794246464188635,1.0
2.15673642212952,7.24045938950287,13.285089846006818,0.8270596002660767,4.0
8.356707219573336,9.146059510113314,7.295135455231636,0.9809635198740143,1.0
1.4057735696905884,6.446224939118786,10.640881411029804,9.916643176547389,1.0
4.209317350965504,6.707949163373591,16.92198347752717,2.8830218553278653,1.0
5.79309150614759,6.51622289348059,5.944688329344367,0.973179050766602,1.0
4.1954742993696845,8.812817198496742,13.624521954581152,7.618347874783302,1.0
4.49306972442537,8.637434076722744,14.478129238699104,7.779087364637761,1.0
6.693540986526706,6.2977350893986435,12.010826597824337,7.426326292916696,1.0
6.001355289259449,7.545449446975628,15.359786330910055,7.335786927421819,1.0
-0.8215758843042047,7.363762314129754,3.0682782747921316,4.275715462578502,3.0
3.113498729532018,8.258895232222917,9.330695337572404,5.888906960919099,1.0
2.1812365844797155,8.669364510404014,2.712588642619025,0.056846889862288516,2.0
1.4178295039482087,9.147775335775696,5.984863036851499,1.7591622391148325,1.0
5.230188372401511,6.8347357845838586,12.504111073081216,3.649271017610886,1.0
5.890278127852689,8.166905567318258,10.529685130781223,12.892694949354674,1.0
1.9666876805091809,10.69366354258035,13.6963866060011,1.204316063985861,1.0
-2.968847202663291,7.615092432169774,18.232385965676585,1.0568637738949256,2.0
-2.8685180655901386,8.210614012745017,12.997764146507773,1.9925394129370175,1.0
2.825446337566361,7.987139807859013,14.29191563364397,1.3280083135393983,1.0
2.4727193891111794,9.658392420823459,15.406310363423415,2.09335936565583,2.0
0.46316248718435626,9.471422284251835,10.250641603729225,6.869983556808968,1.0
3.4038821839288724,7.1886566917658605,9.467511934838894,4.3762362189579385,1.0
4.534671943351693,7.311176708841997,6.283813408774975,12.288874673632995,1.0
-0.2794534243451263,8.365524482587597,11.822935535251613,3.227856976311499,2.0
4.749311720627386,7.680250997631959,9.418052978295478,5.58421647788655,2.0
2.037504740314878,7.587637099455589,7.568487811248923,9.279380642084188,1.0
1.2276921327370582,7.86922430973352,13.70562834936886,4.259954246851553,1.0
1.1472642228942584,9.509966463242598,9.742709715805232,7.439396288165729,1.0
5.263692281869159,8.794601388191218,6.483702539486419,3.792720642702978,1.0
5.244599232326609,7.568222941658211,11.764089374447503,0.7746188154227749,1.0
4.075769693856821,8.591697485755137,10.768148519613952,5.202800222426361,1.0
1.6969001291546886,8.702912484090934,15.483753097242815,3.275253103415214,2.0
-1.9682873935799061,7.964459218382769,13.880468444862592,0.016719851630789262,1.0
2.11664058098331,7.965368525985796,15.098431169640286,0.20564673502660238,1.0
6.592293343254694,8.455507222813576,13.927836494476509,3.4227971826617014,1.0
5.9017706489599995,9.373996665225501,13.890547543200826,8.426433084060358,2.0
4.8755603687849876,8.114678570227372,11.876323404409508,1.354481345896968,1.0
-1.1667934309416803,8.960203229648043,8.486541076663388,1.9884242030364931,1.0
1.8556932387924252,8.638221537148299,7.829841573130099,3.3969821377277127,9.0
3.3977002073158173,9.271450620457193,13.732131830935982,0.332815899523301,1.0
-1.5963989656362596,6.199700108737925,6.969385027427862,18.14425697434973,1.0
1.8581412441382656,5.583152347222578,12.796571110052696,13.935817943577314,2.0
2.6885960303293297,6.870664734329921,10.487816039258021,1.1318898095073013,2.0
3.704348031810995,8.063417858262541,10.59540171322602,0.6055747490056592,1.0
0.9357251243760272,7.608588084566475,19.387811164257023,3.366100666826283,1.0
0.39304031099972336,5.895946365181288,9.669108081554784,8.188733281933114,1.0
4.725446762617803,8.144354279187358,14.97929278469831,2.87113801552922,3.0
-1.2104244598487028,10.32687154420132,11.668319870304929,1.4383277360397018,1.0
2.61244473816696,8.89095590499263,13.048590272276382,5.4284141341274585,2.0
3.2302816009870456,7.428391842640785,13.010587751092654,0.11561908683913524,3.0
2.8507393798471163,8.1711450409906,13.260687623287803,2.831281859027313,1.0
3.6574847015846763,7.743754426012802,11.900630474411985,4.239459900193741,3.0
-1.1069077007630561,8.108216827451791,6.3804899206601196,6.105477106187828,1.0
4.088663483031414,9.383341789184858,13.761081467478272,2.0133191876774843,3.0
2.7661869822587306,8.50982947238729,7.491308077784006,13.390095898451245,1.0
2.6203336781158955,8.05780192225703,9.168967775092689,1.6270818110932455,2.0
2.0300905096489714,8.132045119202358,7.319946415407799,8.091742055170402,1.0
4.690695460308918,7.806379993008574,6.664639858771362,3.971196462527623,1.0
3.5961440888135088,8.339185111355286,15.964682666748276,0.11169442840591118,1.0
3.6266918805288477,7.663868074186733,16.645777088646255,0.8806400955100552,1.0
1.9471620392046367,8.3618669196886,5.414825380443928,3.7212931876193998,1.0
4.212861509278829,6.290761681660369,5.520334132733066,0.6850858056134751,1.0
5.860580960255178,8.644888481160285,13.112835258299658,7.372457069631565,1.0
-1.362106166060363,7.490944403993375,10.375117307273463,0.35050153570198833,1.0
1.3202737454228282,6.494053507702814,27.61275988121461,1.5498844617818444,1.0
2.0886339927588446,8.399225107022145,9.649470930051919,19.70797614466155,1.0
-0.06231778240506802,7.317996982471196,11.916277222362357,4.224393892479419,1.0
-0.4170804347318233,7.674624065163723,21.05418176759406,2.811833101866678,1.0
3.6231795968908136,7.347911064511023,6.378486806064341,1.06920122694779,1.0
-3.930889293058603,7.994167704281218,10.30467655258833,1.1144587081278912,1.0
2.1981212691827476,6.00400381357871,14.096805040847043,8.958045524816042,1.0
2.9928622219291148,8.487549621943952,2.548785821199285,1.5631032897372594,1.0
1.7089729636361468,9.745242452289187,6.6630822280725,8.918774515882461,1.0
-0.03817285823446559,7.483146190311052,0.23221613657892348,1.4670863309953441,1.0
-0.9257471112356379,8.897204380171758,8.42315496843525,4.191002032390391,1.0
2.0321635257475954,8.93900217212049,10.252937580885686,22.02152601615157,1.0
6.127632309408794,9.217122634282601,3.639547219838837,6.231784882872336,1.0
5.015685251047282,9.093636622113141,20.249807523230885,1.949275916220144,1.0
5.548571767724007,8.081055985619543,15.544192969937843,9.245766567361784,1.0
3.5717946174869386,7.4812136378173175,10.271163668045661,6.668103309736833,2.0
-1.8919666715500219,8.64873581385596,10.777977652317574,8.882662046157423,2.0
-0.21221038991880725,6.581841885657619,4.127641205501648,0.10596620240352761,1.0
6.264045134632835,7.4919639134383935,14.278187453826746,2.0145129838351354,2.0
1.5042304915631992,8.797463454792148,15.962241625039242,5.736457441689805,2.0
1.4736326925129375,8.565057807406408,5.839217488655194,15.33596127170752,3.0
2.5910133030862497,7.941646597328856,0.46740969090845397,1.894431152657825,1.0
3.1273523608270577,6.785152143571044,2.495951824218407,0.21422751036168075,3.0
1.8104727956720033,7.743572328777385,16.146119452970446,1.4665667587382718,4.0
-1.3132726544933213,6.876095342027389,5.611498193624396,3.2554882265029104,2.0
2.4606972748460505,8.96435060871752,13.959116414917299,0.9447505899186217,2.0
-0.8618757180310448,7.990298926728022,13.703107020990924,1.7885616516697405,1.0
2.312261624645777,8.559985646682344,10.110691042194308,5.616639964190221,1.0
2.8988572759659634,6.634721731585039,6.537700626709762,4.396221391898926,4.0
1.3471381340620796,6.524778375438267,14.425072077807298,7.346270330229235,1.0
-0.9711616810878443,7.709404040457181,12.115774245903303,3.3660401734055827,1.0
3.7535246828792737,7.412883743275698,13.91912193607999,2.6883026051195222,1.0
0.4490412265035837,7.677606606204513,3.7396579702965855,4.185809642276228,1.0
3.6300779147470483,8.627005915846034,-1.3905735626804976,3.87074347623994,2.0
3.4097186958911747,8.763377601908946,15.18561589149677,6.757350381726789,1.0
1.5098840392126527,8.445765182900736,2.9236877172340154,1.6667719215849193,1.0
-1.8742079402345881,8.584701779805497,11.553754834628922,5.087085387202603,1.0
0.3476161245055276,8.286102297476988,13.581034243915262,2.914524125338586,1.0
3.276697698719458,8.075542065466616,9.46574137942788,8.760614904869225,1.0
5.634260552534495,8.616625282273702,12.779993582725488,0.5875690228124331,2.0
-2.877585895542957,8.32091611133163,11.960718787474216,2.1423411535671333,2.0
-0.3452695043149392,7.1234101781089425,14.326345582464889,5.354394034358886,1.0
4.392737287036256,9.798430898326817,17.422152265797667,2.3556699020599137,4.0
2.1621996687185505,6.878759100247203,13.734025458020565,3.878111415325712,1.0
5.073306469780492,6.974860773976835,14.378029331315243,3.064530408844524,1.0
4.612836563827372,6.6227607119558485,15.22322865108615,4.754717952155138,1.0
3.549448479381569,7.5323810263566235,7.762707190980314,0.8544395646054709,2.0
-4.750013625708713,8.380365236471647,18.650790299022766,4.74231155055331,2.0
2.755416878214112,8.810292722360254,11.795205337113657,3.8874739747587923,1.0
0.15353180037965908,9.488620243862307,22.255059937041565,8.288726592250244,1.0
4.9697835838214,6.511815329203846,10.792146759397028,4.9551546861021984,1.0
1.349659683207834,6.11272991931412,8.124681891899929,10.3472667261991,1.0
-1.2895339577010998,8.953620634532633,14.04881083038819,7.196462586771028,1.0
3.1333963317357365,10.245257612691109,7.648052395603019,0.907441238535103,1.0
4.043729446848707,7.978880244237945,15.823771790891726,5.827574700847032,1.0
3.8394460526079666,8.160086118957755,11.952603007869246,5.032479157354437,1.0
2.7735657477627127,7.789850750769295,6.469285478709324,0.32324977053091336,2.0
-0.8181647893800106,7.942036031627603,10.543093335651456,1.184775298009069,1.0
1.0017289896352621,9.107393784719648,7.89952413783001,8.987000725609505,2.0
5.214543111149876,9.027965917113228,6.8314398191698995,9.083139287071022,2.0
3.5814005869255614,6.992326602009098,-15.00881648559833,9.095064627742257,2.0
-4.237556980966526,7.18607881513788,14.762672952792027,11.702178181853707,1.0
1.8191837624491212,7.969337979690518,11.077002739969037,0.24629521000326768,1.0
2.093163168337678,8.247614123406926,17.457506058437474,3.209540012924242,1.0
1.128019807244343,8.147152599951859,2.014753062534945,1.043034404205025,1.0
0.7119574654995953,8.51965544738467,6.861551677384011,1.7734110219960293,3.0
4.674117195530632,9.194312262009333,11.47194571349572,0.4013731381151447,1.0
3.2313085124537233,7.351289986959623,5.982952006403364,0.7504129377062525,1.0
4.61980372985371,9.31983898781085,22.430428366640818,0.5122996344143259,2.0
4.5739462007027,7.877672783507598,8.743030029551097,0.1528770388496346,1.0
1.3156838261597772,8.864539392574857,3.606360970999855,5.530180369219246,2.0
1.6991357844749815,8.864442422373784,16.274690059271425,0.8479977804634633,1.0
1.4196633497764966,6.101956713798826,5.743667235525448,6.427420560551217,1.0
7.319424132310704,9.611439376079302,12.500349225874714,0.49224358056622153,2.0
2.7707939853296715,7.870820949867041,4.6380351049811726,2.3028643131498168,1.0
3.3363990055874595,7.844285805813587,9.91645767824209,1.4629227282880566,4.0
4.697996798580146,8.871505366061951,7.022162766401827,10.350735309502564,2.0
0.4491516605564776,7.575425972987974,12.16546923629652,4.940203598070507,2.0
1.7273139431371891,8.477266815262391,9.530011285914323,1.0846382468115956,1.0
-1.0447939401111759,7.450677721433565,18.09071631527458,5.2075251264918165,1.0
-1.5124642647532411,8.394591231940424,13.816500703106826,0.7141224911486943,1.0
5.947186732952085,7.626193781804992,19.754373262215847,4.289141718891239,5.0
-2.7044136909624052,7.820920153467072,8.110744928017962,3.109328459797234,1.0
0.13749865205358125,6.883528198332653,13.934925278351194,9.9129514057578,1.0
2.710595136992914,9.69295163206004,6.186798843708126,3.578423721002152,1.0
5.253969121541063,6.486124266918331,10.07976377512681,2.8677346931428476,2.0
7.654976136754276,6.048858952696414,17.111807374279337,6.171178543966115,2.0
-0.9912390844305827,8.863765522632054,9.302169435101028,1.9775980873335788,1.0
4.566596707478609,9.650328556199028,13.759910541634065,1.8402500766461192,1.0
3.6628469046564875,9.264960573250159,5.850734967951985,2.972060817815183,1.0
6.756770739346311,7.43456319681866,8.140112858868724,8.535480453325038,1.0
1.3841494767371967,8.199987652371062,1.3527779830451756,5.53505338527991,1.0
0.8760635379846673,6.6066366187553704,4.3104537135183145,3.604668150067261,1.0
3.574511201636404,9.664984479111302,2.8836510526154715,3.137015444893249,1.0
5.1977859226186505,5.328011085384869,13.493455345818775,4.908116209994934,2.0
-1.8312636062039278,9.783426585378885,4.2455638553523976,4.012290834858854,1.0
3.2049381753394437,8.726128243368422,13.628764195756755,1.7513710253085903,1.0
-0.7932369485221757,8.360731576038733,2.7783265822121486,1.506321326687094,2.0
2.7088875654474367,7.30758971530222,7.229313988645773,3.273878991557828,1.0
-0.4894834879436165,9.61246308657146,11.390360696772074,0.4920987028883302,1.0
3.671004940813374,9.623200593272038,8.939723303575676,4.490431055113124,1.0
4.792341182463829,5.883545467524506,10.370861087256511,2.0717251620636463,1.0
6.8960727183311565,7.847773858956316,7.4420402834302415,3.595434232059335,1.0
0.6485228273382642,6.809148670073568,-1.1698148114646258,1.8513617455013816,1.0
5.73357536071613,6.982472511192954,9.468597364580512,8.116698826786868,4.0
4.234520483613961,4.610490220511785,12.113850912620956,1.105102357418573,1.0
5.465305947296721,9.01733189757947,16.160099388246763,16.50314803035341,2.0
3.3986727522755698,7.437530959499251,10.586556804971279,3.3765278393311795,1.0
3.5371167039267295,6.463246557191949,-4.216151980210547,0.16944052694279038,1.0
2.8779696297181787,7.594885851295911,12.073861976463888,0.8094765132848861,1.0
-5.997571181301523,6.407131660878374,10.576948431532012,6.853077754439661,2.0
2.486879379429667,8.670920727914023,10.889711943939822,8.24719061644906,1.0
-2.2274655319158025,8.857605421405255,10.140917505190322,2.330848603192022,1.0
3.753786816112328,8.641523167879098,10.14532914347743,0.5659336216671207,4.0
4.168609218793003,9.632392937944681,15.533912002666806,0.583542200590039,3.0
0.5697806551317999,8.140442469125404,7.932557253369261,4.452261282643085,1.0
-0.015129361017607312,7.405327586968702,5.369483923295725,4.415925579490602,4.0
4.842764482375993,5.675900671968247,22.511059361037688,3.7632065682769125,1.0
3.259002744502232,8.055446211553319,5.761229404349581,10.620026351829212,2.0
6.222260134389284,9.515324764825134,7.528156107769211,0.41300440722958787,1.0
-0.5068497158531242,8.543437968275727,8.250242991015615,12.432320252629664,1.0
1.871587527067335,8.245543496235614,2.7224198918381664,3.233595697658485,1.0
3.0500294873739766,7.178263832407125,11.191310492097099,1.4590650872375581,1.0
3.842521284164845,7.347211808384635,10.61730756057046,1.597808689037423,2.0
1.8091036416409354,7.564520119252066,11.057844942575256,1.5361408551804445,1.0
3.626700755820236,7.804091322062205,8.106779383163984,2.7050421184142937,1.0
5.011256006938724,8.81288173454833,-0.44153302722285304,3.8068733643272705,1.0
-0.11203990211222337,8.332960548054317,2.134784574599303,2.3408295738438287,2.0
-2.9749785607450434,7.181289951204954,2.0994300577701566,0.3662987295102353,1.0
1.853923010150066,8.83290596637443,2.0155672559940268,10.512221709870724,1.0
-0.6340341221200219,8.791520638363785,20.140302514457346,4.837715572208645,2.0
4.8909792108409755,8.814310002772043,15.745538290382438,6.76572691414045,1.0
6.377023751237216,7.341231685112053,11.078222580108783,1.590942687653349,1.0
2.698799183229922,8.494031469504458,6.929249687346542,0.7374702644003638,2.0
6.039839059572506,6.371710141476682,2.120043043628609,14.301202676623811,1.0
0.5695751817006613,7.121944422898099,16.999115303884558,10.133827642070994,1.0
-0.7126927666664828,9.487706827799784,8.915016798988308,0.6277996386722672,1.0
-0.5159620959102322,9.368686338663556,13.572704820682942,6.4192811907922165,2.0
-2.3346817565828513,7.564546785390003,16.484606297150446,4.330483767709496,1.0
2.852254866854356,8.601432317729923,12.571603676186507,0.7243974206856214,2.0
0.5797051798212931,7.04311044843446,10.700096201441617,4.96005954373245,3.0
-0.39872428298668305,8.531557767742326,12.632010530077968,2.472621259930517,2.0
1.6021331936045664,6.3033017824079325,2.720096433163036,2.2211717724511275,1.0
0.11726965037005699,7.99350999171607,14.769032306126839,0.446930236958842,1.0
2.333766167928553,7.125937581127096,-6.81370487205092,7.022439943760971,3.0
-0.15593404816630096,8.422837683710327,11.84884632220457,1.1709699532875668,3.0
-2.1044221627288255,7.737348620327563,10.050843536176384,11.10257121340073,2.0
3.773528328139715,7.716110042668242,9.849495323239696,2.9598841048439244,1.0
2.3777239702478314,10.125892180507398,17.82465170601826,4.213776321492517,1.0
6.0667530521943505,7.404372647914355,7.590975278007104,10.172948918740863,1.0
1.7940649863412197,7.3947560391313685,10.402361137659648,6.082178155828082,1.0
4.897524352542375,7.347172280143536,5.904171136284227,9.950162764015102,1.0
6.7950520831125365,8.310878846372127,13.918415961096583,3.4406605036059252,1.0
4.880925181718892,7.239203069271785,16.08095957807768,1.2155769846291269,1.0
6.080023831252461,7.773768639072475,15.422103898375198,2.135728214715103,1.0
-0.023685486506234366,8.841330386074105,11.336541100529592,1.6998519159052194,1.0
5.775802931123862,7.043861586058458,3.1588714617955587,1.9188166689198776,1.0
1.8150536826708694,6.698074545952947,10.035064934137361,5.391168311020247,1.0
-0.8493110303951137,9.62556019698373,13.068822953175717,8.25217167404914,1.0
3.951830157092547,6.72036999371602,10.124160264875592,1.0494421275603594,1.0
-1.2334787043879385,7.813978344698339,13.576029066251678,0.7184131392675741,1.0
1.9265868036530271,8.017686323478069,11.171268629636195,2.7084370730916523,1.0
-2.2993056057785433,8.425957319742047,10.751329878262323,1.0244981904315116,1.0
3.62515025084107,7.563493587168821,-0.005213974198333915,1.7959975514061715,1.0
4.187456203249299,7.8630843394181005,9.832690534709542,0.9429521194815439,1.0
3.758538916329782,7.19688234346459,-2.622810719922466,0.8307888691345843,2.0
1.9375481000314512,9.785015252738685,8.16992333259094,1.940531615943411,1.0
0.9349662588763394,8.18430738458264,8.40935474107113,2.050447251677048,4.0
3.5187835091624087,9.510357510865873,9.984199269244607,6.3077004528233,2.0
4.583552332125459,8.686513794179014,8.670530585194449,14.760443206140218,1.0
3.7424198649078155,9.31435936589575,16.051873315773243,1.859734444245309,5.0
2.5009251291723205,8.867271812834595,13.44674807731868,1.7206334321998162,1.0
0.5269977878810095,8.145367911883511,11.31480993701591,11.809651802286012,1.0
0.4727445324667292,7.792704788236702,19.315085528777136,11.823604627800822,1.0
3.4497992071130663,7.751996214214795,10.410025273005928,1.059180630985646,1.0
2.6719130086905922,8.767998628441156,12.598908518981364,0.25980817032825854,1.0
1.7416734070755506,8.4638957388544,16.19980258716852,5.276035561782677,1.0
0.8291007658287537,7.729949826030286,17.537411008651524,9.605888123341396,1.0
6.601868471719087,8.631662507486512,7.479548298222072,9.775036004652033,1.0
1.4962161036534285,8.370887555834702,15.191838970554793,3.272293314816319,1.0
6.789604713660456,7.626074484642381,1.9530500017539687,0.3498431689617489,3.0
1.549656981888117,7.79115527696647,13.290897217639635,12.749072371877972,1.0
2.7158220693055823,6.138131970947793,7.0073255323221035,0.014201678473532492,6.0
1.763842507523818,8.119015344989482,4.686010801752623,0.6223374701076532,2.0
1.7447299870579036,8.34941388465931,4.887499446105133,4.346703822711705,2.0
1.328727407548639,6.8837399662128975,13.574643609329025,9.731102046965642,1.0
2.7278808441761218,7.699082965647289,10.544353320064017,9.707343369631571,2.0
6.724286487836481,8.3638551510576,14.516316056755123,7.176267496937786,1.0
5.228826132009781,8.022129724892276,4.588794431530788,0.3147327680541804,2.0
7.746175235156689,8.284028879528123,9.09770899274313,10.813839086580975,2.0
-1.4011847287874382,7.870497233091189,14.794139220816525,2.0379906937788785,1.0
-1.340200476904343,5.7071224479844815,7.706241576782007,1.431938266448151,1.0
1.0965814097994993,8.699819960769416,6.878694392436378,3.3631987856353582,1.0
2.413876843453145,6.511347950616054,14.98874326652873,0.47713564975846123,1.0
5.318278562020442,8.013877122392895,3.1707745599705,3.893278088877274,2.0
1.9615473520327014,9.222372921169056,18.446733730147052,3.9722773167125967,1.0
6.825250663460261,6.22298863369968,10.62851317340049,1.079079918828873,1.0
-2.538987533122074,6.604490558089188,12.643323265040294,22.378448603243793,1.0
2.5572194046830043,7.4980067952037395,15.443071750580298,0.4440568938517831,1.0
-6.082472513475578,9.198717611313555,5.696406924161518,9.655230651051346,1.0
2.8952466030459547,8.379512763994349,8.49658208094806,0.953443371052963,2.0
-4.055335741305983,7.431963921124854,12.394748461154945,3.717274008742108,1.0
7.5054158566960165,8.053026030756225,12.497818636809773,5.845984222203889,1.0
-1.0697327774082832,9.166637125677044,12.992971219398234,15.890922201620343,2.0
4.004959288792281,7.848658122841016,9.017540591578584,2.1724383100712275,2.0
0.11403697034795934,8.540475222583757,13.329707561440618,0.9207431085844663,1.0
5.180752683198955,6.92858907907002,11.502905666753941,0.6059879942199772,1.0
7.848337045551136,8.871316877376925,7.78986482223588,3.260621373715248,2.0
1.9222802213061352,9.239718872701998,11.548853409696129,7.566041786588464,1.0
0.8614537378759617,7.775916933461018,18.015305014374746,3.5337625550151985,1.0
5.0880333268841245,8.542817264739003,7.824640897316591,8.877160715691371,2.0
-2.232815475778626,8.485079475057038,8.848715882567216,3.4316357827856163,3.0
4.475648491723864,7.765980999411784,11.223983094355429,3.217569677114517,1.0
5.132616790593365,6.750444716732433,11.273501060641633,0.07579324834715605,2.0
0.7998692277073047,6.519171769352733,5.84166978949074,3.45062493717998,1.0
3.3006568320181957,7.89561103704166,8.015459475798947,1.3685010023561854,1.0
4.031041168314678,8.366464378927258,2.1080509209412366,3.0734710118887856,1.0
-0.47020492263945535,8.206624498011179,12.580470564508948,5.627206114576123,2.0
2.777704950204265,7.507471645045673,12.250405134689139,0.7145499681754128,3.0
0.704153386650711,7.0568911400845264,6.150364207363937,2.413730743694766,1.0
2.167503150309445,9.24979031817339,1.3708151750666175,3.9503711914485935,1.0
0.47167958794346854,7.247372612601362,7.58540503450911,2.706071803661118,1.0
0.10660398478487965,9.079796737341237,6.213556902284132,1.4200564696664644,1.0
5.268068107304631,7.841690238148068,12.879674632087786,5.29109223263937,1.0
4.786113864673553,9.86599052210453,5.8951548716208695,0.06629135213329049,2.0
4.474215142631165,7.934827845727351,5.361514590620879,0.16844175996892904,1.0
5.732197911789932,8.627081793742638,8.029858928490242,2.079974927576801,3.0
4.492714713073232,8.484670255260948,11.300590268311545,0.5784624888158539,1.0
-1.0697435192820763,7.529482040736763,12.28267422709719,0.5301994943941691,2.0
-3.4920288886088144,8.007850074808168,16.508376050522003,3.6144319580056408,2.0
0.7733290054937803,7.7160497836141335,18.548351508195168,2.9375771844027927,1.0
6.002531753926467,7.650819545292693,13.367411988074148,1.400001852490637,4.0
3.557581826302396,7.549478160307287,17.17395804288098,2.5846819078641654,1.0
2.699129165253418,6.218871645563123,10.222493096673952,12.859098715100425,1.0
-1.1489365022562765,7.2788664392079525,11.279085445903156,2.779359426568914,2.0
4.009324097827136,6.628289327628365,16.437925890086824,8.686320902662688,1.0
-4.658566481867972,9.903136820291241,10.998434482088738,0.7302930591662445,3.0
4.100152321169016,7.984886650929866,16.200601350908208,1.0901213358708488,2.0
1.9728582024319963,7.4678136285676535,11.613472017216662,2.125501391689361,1.0
-2.3573899740100686,8.826723328487482,9.630323245620266,3.674829054294905,1.0
-1.2229088128409824,9.121027810629615,14.9180048347141,1.8545461105183512,2.0
-1.7574575713467908,7.246019984831672,0.9424246421681239,3.089131724688235,2.0
-1.345082962292799,8.650298016007536,12.510097306104962,4.967076838548037,1.0
1.3197731444741507,7.444028133751226,6.343114697630209,4.422494742860314,1.0
5.526685688288342,8.305710216835521,16.172570177913038,3.90702522289072,1.0
2.429399288891326,5.023739857481371,8.778921358297708,3.602231629097501,1.0
3.4420960251966797,8.327376839822037,10.138316438801475,1.851926673516698,1.0
-2.286481267324384,8.471741828451488,9.72592747031883,1.5181490999089646,1.0
5.351555321889378,8.49020292653759,0.20917617233403796,4.515292726658799,1.0
1.1142786116381151,7.326031227275829,9.210630424385586,24.993272677148568,1.0
6.858401831761771,9.673011184393458,6.38658904627676,21.30483316766397,2.0
6.664439846958957,8.933294222080471,12.122300798581378,0.056878595922848635,1.0
-2.653368348366701,8.996462932633069,10.235557775283672,1.8020159212696845,1.0
2.301261887032387,6.943929668013237,13.393849698898624,2.9659870218132003,1.0
2.1537418813566487,7.539793166140314,14.097676548638757,2.226333293416898,1.0
1.7719693603342415,9.000009503078848,13.443664000801611,9.931462919145293,1.0
-6.608604305767335,6.72934831856027,5.66492702310709,0.35460400094635613,1.0
0.9163887547687855,9.187211409216179,15.79410209009562,4.560285113985792,1.0
0.16186220913531413,9.144505687938283,16.562501302236555,0.5642840923177861,1.0
4.846380770504322,6.409673938462592,1.4169445093414144,0.05238828838671254,1.0
5.030285955846514,8.032196177281214,13.649566940244148,5.60455449262125,2.0
1.7169100121103202,8.53787414049831,10.513742251746299,2.6587173651262237,1.0
-2.1046348173052003,6.323750673160113,10.964684337524385,3.053171339744003,1.0
-1.6910170474577582,7.792039240741603,16.437363540227132,7.461925001516718,3.0
1.759690320003522,8.520240438630138,-0.40842191488452784,3.4002144040002933,1.0
4.731936431009391,7.753728767476702,11.975650253459815,0.03953696764184147,1.0
-4.084477273436404,7.252256976331633,0.6385790131793261,1.2726352139454136,1.0
2.1752228506253903,7.883440146750197,16.45592815969056,0.0638858203375409,1.0
5.686171322947505,8.81542224446526,18.831979017973964,0.3826013408691774,2.0
1.0685975720634886,8.900181392635773,11.800975143951108,1.5116587348752692,1.0
2.936190286064957,7.801503719559492,0.6876837105589075,4.468404888819095,3.0
10.524558935060256,7.4341901865408015,3.7594069176800735,0.4386456223235986,1.0
2.1327839750146036,7.940880978044409,6.946202587970449,4.152689078062294,1.0
0.5033558324562739,6.0914244017542565,9.121731288081222,4.560702301916738,1.0
-0.4771909706610882,8.242032925586278,14.003866283243221,0.5896378522460212,1.0
3.5539749549382917,7.787809255639957,13.76196492413624,8.887934178309825,1.0
2.3220451412512206,8.407780342718398,6.965686214035211,0.45039183929972126,1.0
1.1233790182324341,8.308971664821886,6.156419084733109,1.164966677111205,3.0
4.838052558411542,8.950207187977341,15.304805796950303,16.55931171399729,2.0
4.4895367012345115,9.601953806215148,14.004138779446315,2.4277950030912905,1.0
3.36561645168641,7.705991102078733,19.113051500825094,2.2044053693526267,4.0
-2.5244502075808386,8.155794402476285,4.486148320656792,5.408350147528793,1.0
4.062010729647113,6.524006656574574,8.487949610864957,2.455914511554104,2.0
0.9133800660082136,6.9647892776265055,13.961406360465695,1.186777217493609,1.0
4.829281891300559,9.187930955697514,10.205102767278994,5.210117438729039,1.0
2.4563974360185847,8.555136446125118,7.954589460775265,2.06245868916674,1.0
5.780501403934665,7.679667768533373,10.38465875334737,0.5874566906221443,3.0
5.8570106938296735,8.316576884388756,17.555807892598455,1.3850153057713976,3.0
-1.999330469739613,6.806560381609465,10.79756998207231,2.493254126573309,1.0
-1.0870178724543713,7.58652761950029,1.286610596751773,1.7429097480546003,4.0
2.9310710455962976,8.031814796079281,13.43814958715378,3.613769700024921,1.0
0.760639471712452,8.381918377961032,4.770765362652924,7.0101415815014745,1.0
0.18953212485831017,7.674697310884923,12.098168378645148,1.0677995922914127,1.0
-3.7859517400728944,8.349992761019038,0.03030990464629113,6.467472998861942,1.0
-4.644799840153747,7.940548105930167,10.437181827482691,3.9822302762752906,3.0
3.3395655565880493,8.894034247758494,16.50278598050653,4.279429443771854,1.0
1.078027025777247,8.557642697381162,11.344328533565598,6.188910803257495,2.0
-0.05239004698063798,7.0168642843614055,8.571251847769005,22.67273241926324,1.0
-2.8609670840303734,6.044415893153886,11.172273466454667,3.2457092516559745,2.0
0.4052360403565207,7.830510392045799,16.592815430077735,3.63446637445047,1.0
0.8991358089974446,7.671315190423784,4.976305150329661,1.0832071229574434,1.0
4.24591700977618,7.700736814146022,5.386745073001125,2.8806702848066585,2.0
3.681984041020818,10.253750569290816,8.730619094940817,3.6506596234971833,1.0
-1.6699983051702296,7.969357580258229,3.821279614839251,3.8908137173727804,1.0
0.02465633876804274,8.854739818066776,6.320573060914439,9.216475823282412,1.0
5.08590290568829,7.34147942573553,11.881824887582422,10.403788646928003,2.0
2.9401448342383816,7.300222039075809,0.2710964435065151,3.2440006964054824,3.0
-5.354128612412378,8.650262085882721,14.199578611447972,1.3924956774016717,1.0
0.22487252472779362,5.9997325004983,16.552228039480234,0.7030053545445359,1.0
-0.01488598581667322,7.664705577208452,10.180783365821284,6.360351169539345,2.0
-0.7236969740445263,8.95833816496268,8.769642538176484,4.015091957702285,2.0
-0.4811330960957658,7.695374136221107,0.9389197382796528,0.7086914041210274,2.0
-0.8575735636685629,6.969970756245087,14.405813726223492,2.0176474245471674,1.0
3.0158024894656488,7.762000046810274,20.670510518931984,2.463531258755282,2.0
-1.4587158872972976,8.282341025581662,25.83966847694405,5.213424743027151,1.0
5.8189770397839435,6.819934590783003,13.112186327134777,1.657249986174526,2.0
0.8569108541318675,8.693625011631287,16.346448459668174,5.384227454752794,1.0
-2.553511135736171,6.713455770711752,9.66846578793986,3.6692807181473985,1.0
2.7448097658597312,8.844525601975622,24.5551562335762,0.9489873195506899,1.0
6.704590594442079,9.59829582089636,13.124749349595787,1.5584015080532265,1.0
-0.8103498407726271,9.48658235665094,0.7407343940588547,2.247756405590032,1.0
-3.5129241989761866,7.034796960763784,12.822633412868681,4.428719001996751,1.0
-1.290380937848592,7.682761520318286,12.452083289746668,18.520254770008627,2.0
5.572342496974882,7.086102343346425,3.1724895501755253,0.5689039836377222,1.0
0.5252421038290502,9.158269692681666,15.421910875114751,2.0867112582807166,1.0
3.1816910712329776,8.688819434703912,17.863064268189063,4.017963607006665,1.0
-2.732404844781021,8.245733225899789,14.114162856114564,13.737431904421527,4.0
5.100639096065575,7.373414669819473,17.790382452330768,4.332857640751919,1.0
2.6918603095539053,6.736593354187683,12.333011347128195,2.618525356628009,1.0
1.0120335636932372,8.145994747772988,11.159956445620429,2.2236696670854923,1.0
2.5025386132167644,8.65813214755771,17.54670073761948,4.579478011632468,1.0
2.7882374998964226,8.556810066187541,10.148763819968227,3.0228913531564747,1.0
1.2112810024618654,7.931472274533437,12.429890763964181,6.719664151340105,4.0
4.875843498299118,7.98155031591896,2.731268393459162,0.20906808659210735,2.0
1.1892010527813308,8.104502283219265,17.377841213581146,11.538062301340295,3.0
0.7994319446356759,7.087899186790104,11.839273934948354,3.8393363368450775,1.0
-0.9515052797338903,7.295042386148954,16.30343924201289,10.218007044093394,2.0
-1.696034345806125,8.684672651846205,13.300057298385859,3.1422241930313684,1.0
3.6848697594251503,8.654320707874435,15.06465387557897,3.2897510968645993,1.0
-0.003979908169474022,7.6028888405684265,8.90789618426475,1.4445450123929011,2.0
-2.3344693521727446,8.486363137107073,14.62031506920886,13.543021685679204,1.0
-2.5211443308591317,9.601926593349424,15.546416536022592,1.0431342364498841,1.0
3.985641796694101,7.603851079549154,2.6762566588268815,5.903510005657756,2.0
-0.8756274356159031,7.3352141661343335,27.06823022574862,3.8101283114491142,1.0
-0.18792129907948318,8.555427080547364,6.885117190415075,5.003825734074808,1.0
2.1150776249864607,7.160186678619149,9.804644305721265,3.5493738085961986,1.0
10.703510704112857,8.184239057192386,4.203612140398928,4.1192332173104536,1.0
-3.9879829320656466,7.2304943596824796,10.48170680029143,3.46901183119834,1.0
5.912579879858365,7.354023688588357,10.20140274269053,1.4776978188898857,1.0
-2.458270221326476,7.254658571898488,10.468946934420838,0.29175728884381796,2.0
0.43854329067895215,8.040712488780022,13.402831488486905,0.9189021808610228,1.0
4.9164172516884275,7.7874275836831846,4.130614448752065,0.3791452480117611,1.0
0.47010454029356774,9.376231706491346,18.92190250635611,1.6403546301896197,2.0
-0.6112203472606939,9.409434660831034,8.858596177953512,8.564093717630305,1.0
3.0223862583837757,9.41128075167204,6.032624680007967,0.03427036675075656,1.0
1.6814393841287663,6.608909291662063,8.280898429389001,0.8803142032693659,2.0
-3.6800685974189893,7.21190294246129,7.507422985530109,1.7286645867073873,1.0
0.6218195038296066,7.416597146563943,5.059591102101016,14.516568806868701,1.0
2.066960948043167,8.707877076246167,5.764263856264709,0.7850077879864943,2.0
-1.5006747080432588,7.996855085804675,14.566095087470348,11.282131018649595,3.0
0.6722022390476654,7.351264207681309,12.665023893538072,1.3053038503558387,2.0
3.127679179552748,9.14503642563005,15.827082985854089,2.6081239968596464,1.0
2.355697288120971,7.829260879316672,4.666463629373551,3.1178718424321397,2.0
3.0956476567211912,8.545486614862993,13.456816033329453,0.4413979212251185,1.0
5.43690563788736,7.757235653059905,12.23661300296795,0.7928345657448115,1.0
-0.23686751568470266,9.987638433867527,8.544345659489391,2.5257971499083487,1.0
1.5518000527750861,6.209203220514093,6.302325776538354,3.112466529185468,1.0
4.272993271414107,7.367812871394195,9.40660283413589,2.600997175256487,1.0
1.1053390095341324,7.507947411959879,12.14478928425767,5.8943731684478315,1.0
1.9083020514261835,9.877796091815611,12.656458683015622,13.20866601410164,1.0
1.2407551716065461,8.69970764409855,12.852822186027414,4.873695510476927,1.0
2.0408086644411783,6.164215873375396,11.46351319657385,8.315103534584189,3.0
-2.0910676543133153,9.049237568791906,6.317868806759872,2.122055844451934,4.0
4.014995528596165,6.461945300278261,13.241421261060069,7.651399488659117,1.0
0.1639957333790023,9.391916942066196,10.005561029507632,5.846194151461954,1.0
1.4565546898739514,8.168734967020207,9.011053495570732,4.711082770282566,1.0
4.034571780001789,6.180387628692403,6.484779906439717,10.591599471686685,1.0
0.5467473349480485,9.276242353817063,14.025255495877555,1.0617104561682313,1.0
0.4687085423401238,5.30244884657974,17.178168356417586,3.3564763174655514,1.0
3.2681852586166107,9.249085908240625,5.860079651674229,5.691497596393585,1.0
6.84280322214134,8.037164858853506,16.07777655213473,0.20854423699724248,1.0
-0.4807080544772395,7.665471246488055,8.115648386474039,3.10901597605904,1.0
-2.0152102728573738,9.055915549338874,6.193067707252254,2.2955400991954176,1.0
2.9533170276125946,8.076825065692754,2.4641118251979446,0.7615195043143694,1.0
2.393456219818876,8.251947611451996,7.278616967162142,2.6128810088061516,1.0
6.392924549969682,7.96741959514234,13.330783434389694,0.31730369592651064,1.0
0.6403798594383203,7.3625196262187504,3.597771463415498,0.3704652375323528,2.0
4.573055702303475,8.058060416835554,19.684964042105612,11.482836161535465,3.0
-4.190444368130357,8.565103561560363,7.51930271758059,1.1497029787184114,1.0
4.434165329375643,8.313869976498253,27.077545172923266,4.291431673731652,3.0
-1.1371686040482718,9.520676373855625,13.18343795167528,7.104348841273534,1.0
2.587267976208051,6.250551174853562,9.113119495038708,1.7660167704001934,2.0
2.8101998350055157,7.608472206453012,13.207677412707259,0.8689169804301937,3.0
-1.7119331660179395,7.213657082829639,16.945238947092797,5.232909015062149,3.0
1.8124936714960524,7.985418855700188,17.966643773820664,5.382295844429325,1.0
4.541007902501288,10.603591132816922,13.132501552163035,5.665473581067091,1.0
-1.1242261525509059,6.114842233374668,10.991672733072527,5.3163346930806705,3.0
0.3463379566212641,7.892355091452682,9.965986684640033,3.2206519504380826,1.0
3.7549552719097035,8.72034387372086,7.292197419554352,0.7752244488591153,1.0
3.354265707490713,7.8156561434930945,15.584547588476651,0.8324117345604057,2.0
0.5288935067529863,8.142845663034537,16.3567386954172,7.642772784110291,1.0
0.34378760172851,7.567380013760206,13.758493392078847,6.1084591547508404,1.0
1.4266399309805975,6.664260141421995,13.246654466358457,5.26687898289665,5.0
6.4974760041691555,8.322541988131446,21.286074084557985,4.541798853750448,2.0
5.1297030256782765,9.611080236084906,6.3208194425707225,0.3835580046546406,2.0
6.4673307069678625,6.2313469659944145,13.384115578582273,3.0057784631373674,2.0
4.578854233421942,8.545066231493395,5.795751945921839,6.610128081020387,2.0
6.053826323285019,7.83300269044217,7.429252284882834,0.0020761041930358348,1.0
1.8584380673076022,8.401791513085207,7.276937722969153,4.964749126298814,1.0
-1.1999590661285149,8.564725700725539,5.768791449331479,1.665710635133466,1.0
1.2900199118800912,7.598605928277198,11.032545026486279,5.463059586700691,1.0
5.121987920496615,7.417415811634277,5.788526077567576,6.08421490852147,1.0
-0.8415562912973877,8.97114712416856,10.530568738523732,2.7952029964317155,1.0
4.844922789635293,7.5824801199363625,13.48630794733361,0.6371844817102681,2.0
4.42458591463914,7.458768705377792,6.136268127920314,1.510191369099058,1.0
10.420476702610289,8.917023509387654,13.49445346789018,2.8739263464403084,1.0
5.27538129323483,6.025084263722804,18.428723384311468,0.15298041813377253,1.0
2.8735561752533494,7.341150481557199,16.484673398162798,7.411332968726414,1.0
1.7253563089369326,5.256706232971465,2.1686643775378993,0.5904514712025449,1.0
-0.2278006627139404,8.472442539429457,11.360965205865906,0.30885877633150105,4.0
1.7158476348562692,8.158069147211071,15.966293203358672,3.872289299352684,1.0
2.2907842606635294,6.770930776302538,12.615845494696494,0.15967574294297163,2.0
3.733406408907181,8.72176348832612,16.81719390998637,7.924394082436479,1.0
-0.31683957347271674,9.24745852284114,7.92547778305472,1.9088382239204105,1.0
6.939542238000245,9.755122402386835,15.40296112333996,3.8635984126173084,2.0
3.4548610237995074,7.403898322024765,1.2878967787251234,3.680438725837155,2.0
-2.1075502827616166,7.634818343877516,13.384689194163098,0.3963717219305006,1.0
2.298881373643246,8.606902686391496,4.792896197594006,7.508887922447926,2.0
2.43458868678235,7.605388212056022,8.42060778466758,2.208261740165287,1.0
4.10596512691101,8.442756256335006,8.208679556036692,0.7499093004536197,1.0
-3.675056670541518,7.823992843579789,5.325519354392921,3.7552056902889555,1.0
3.4265044086367205,8.49101685499312,17.45730459882393,0.053480934953367816,3.0
1.5921544642139966,7.6627207085998235,3.070080397057752,1.0711078808933838,1.0
3.731965481950873,8.634138173558808,12.806153758585623,0.7839238145528287,5.0
2.9165967200118423,7.963851673708115,14.276811562858551,2.6220280482281213,1.0
4.423508298184826,6.9233394266241355,8.553020974611437,3.220224521476343,2.0
-2.296700240448075,7.634490478606019,7.646126794558672,1.354031348982154,1.0
6.1502823058241205,8.048860883164958,8.512839332617979,2.7472005159741513,1.0
7.002239256675053,6.763540959010208,15.411240143874192,1.4282516005156154,2.0
-2.0025501785531983,8.973113969583896,18.730893019352916,11.774296684184957,2.0
5.432045168229645,7.236974238473955,8.131281409269398,0.710239204719645,1.0
3.301133429548848,6.15172456032428,4.721913765060616,2.3664996151376894,1.0
3.182411430038896,7.68734100106548,-11.247297822683258,34.906645570651456,3.0
4.368034813420808,8.582239456424091,16.407609820639692,2.665740653688,1.0
1.6800966686832925,6.930660211816165,20.665861672773367,0.12337044534310566,2.0
2.7718767076608595,9.962086129781632,10.917226287343608,15.600860331563005,1.0
5.655413162179523,7.088380434520614,10.059576982089913,4.5759987145003524,1.0
0.633603892468126,7.335060714239045,13.738030220715943,0.1563363431274387,1.0
-0.034791853133962825,9.513426282967458,-0.5239161707869684,10.608170113278753,3.0
7.84820154942803,8.843092520347781,9.394730764593731,3.410549170759535,2.0
4.555622873285809,8.205135036998204,12.411667483658318,2.0089057535785657,2.0
-0.2944935910481452,7.736331994981565,7.8207771504679355,9.491602218907344,1.0
-5.63296116659328,7.033975897534998,14.098119320847111,5.893472590446031,1.0
-2.7473733454595637,7.881520387711367,3.9033631151126436,2.242200558778983,1.0
7.277403068032482,6.094859254969967,17.724828353327442,0.6359376406865285,1.0
10.828878282661535,8.955175757608407,17.192534698972445,9.30955625447053,1.0
-0.680569888312963,7.119641660563229,10.22448790687999,2.579253200504527,1.0
0.19735793105467625,8.469763226515276,-0.09127995750259288,3.5369825609826524,1.0
-6.6299917860305975,7.043132500011432,18.686328165077732,1.6247018222289924,1.0
-1.2770057514136934,8.190428039390794,13.2311348637125,3.5494029241378207,1.0
1.6062517909909548,7.617166802469393,11.929578656472765,0.7634567496858243,1.0
3.393592377634917,6.429266496511126,10.551804183453738,0.6103018312026064,1.0
1.6777099455804456,8.430038301188473,21.964270051078127,5.553223108371649,1.0
4.411948789572515,9.497927625599813,11.54266715849202,2.8769928141575045,2.0
3.752936201835852,7.410445773636567,13.646636026549348,1.3151427292250817,1.0
2.6545007371853275,6.527015809649122,16.20705917769396,0.03885143942005393,1.0
2.831814298418931,8.632898215838818,12.069850517032886,5.8475162815890345,1.0
3.8725390393166066,8.032723963985621,12.144825721152841,5.502898850158634,1.0
2.7037637061975355,8.446407060377467,23.817129170531555,4.844236970595025,2.0
3.5847879483019165,7.7633776817959745,5.571747554872824,0.40364086892775475,2.0
-0.9057044601541158,8.023538912759337,18.401558223375616,17.371711607688024,1.0
7.616222912274722,7.922393232793881,4.083009710863342,12.279277555015085,2.0
2.0016103518522605,7.098975509148567,-0.8540622307857468,0.37883885451334715,2.0
-3.1717469840374655,7.94556468009839,25.74691679495663,2.0428137189151183,1.0
5.47060164076969,8.544345970651511,3.0800742572186097,12.861663769857214,1.0
3.838071539292878,8.920183765003403,12.664102084384195,2.403614913684718,2.0
-3.084365638705717,6.077648710094561,13.363784989681099,3.5790023198747,4.0
4.216295477493107,9.436647043715451,13.9230530464232,16.42768512955963,1.0
4.100418319864591,7.786802266697532,14.0335462902855,1.3247601412527839,1.0
1.5444299305521028,7.20644653283788,7.1257962900435325,4.099399536148648,1.0
0.04689664630936585,9.386047344210414,9.249446840592814,13.717155471769289,1.0
1.119734722452358,7.845857057925417,9.1217052908755,1.2487672315060445,1.0
3.963744923029471,6.732788693537369,6.214914289924221,3.7924971348287007,2.0
3.5702438945125055,7.504849364491909,11.772305705934148,0.5751769142662964,1.0
-1.2487071565700152,8.31895978577341,9.475578535524557,3.5071279546114673,1.0
2.5562880589382386,8.175656095879098,7.535615471701376,0.7319653948792567,2.0
3.3909108000390593,9.725395970355816,10.562274970117803,0.8885218692929626,1.0
3.1084852226332225,7.606651969245778,-1.3708649084521696,0.9858049703894856,1.0
-0.313368895170703,8.135305760272304,5.648993234708875,2.416326363944628,1.0
7.440369849049707,8.521581763864576,10.172802077881402,0.5083036401059196,1.0
1.173086662578061,8.951403317479306,13.135433961729527,10.285696054458967,1.0
5.057495415108951,7.882856662973823,5.57194051521912,1.1210540731378202,1.0
0.9333498231055328,6.486659719728405,11.461061133463913,2.4210173054866906,1.0
-2.406137199492929,7.41157776286969,5.491700132708863,13.134695453803747,1.0
-1.0952045833838686,8.062271503698119,3.9844060435121973,7.9768086321162635,1.0
4.847346352683687,7.705006533869516,2.611842595204946,2.2131891847470846,3.0
4.514710112146995,6.805495244118635,7.457223147895108,0.2885473253352238,2.0
7.134129825338607,8.206046450783688,18.889070192802304,1.4192699084653195,1.0
3.4328688494552653,6.609782846271494,22.71182993661847,0.7975651355638933,1.0
-2.7202888558705522,8.133129935930787,16.432084856947704,0.6754505205063741,1.0
2.2068238564237825,7.6847298506125155,12.516868455587453,1.0865319312456885,2.0
0.43513201538647106,7.448132314001526,10.777915971687506,1.7883696800971747,1.0
3.475653932649789,9.129393361863753,11.730046474266235,0.648862340854969,2.0
2.366462344302907,10.5233998811996,7.5170867904836305,14.905762507917517,1.0
7.7223270657978995,8.671629984386138,8.27027509066203,1.7555532076675242,1.0
3.935606935212447,6.210688135764126,14.57961217754633,1.8202026486163778,1.0
1.9840855828318968,8.430315246822603,13.268228222367345,0.6221779694010792,2.0
3.459571628452119,7.416690868794145,8.849815571064426,9.779597489016778,2.0
5.100172408780907,6.625938073814403,7.226234709074021,3.9671479024743492,1.0
1.815048934454606,9.393893290893377,8.38921443430759,1.4042104133374294,4.0
2.2096071105886423,8.437326615847605,13.435999104665669,8.823066439318131,2.0
1.0902408622062574,9.021922387250052,17.464522631307375,4.327021850526094,1.0
5.4874521069006,8.168503800534866,13.8948768207559,0.9685960858961021,5.0
4.016937690429775,7.796904276792901,16.15218261054749,0.40625683773466625,2.0
-0.5701728598013314,7.309493451165833,7.194999645076531,2.831968291961514,1.0
-4.483333351927322,8.541461949442544,15.57982596657622,1.3746465437615125,1.0
0.355282299874472,8.025192001461692,18.17350394234396,7.31780863263348,1.0
-0.6521023504446308,6.090559702156286,8.742096792154912,1.627024787026447,1.0
-1.7953983282962196,6.501620337785835,13.780964862332599,0.29935328787455434,4.0
0.9785408214600144,8.587798578612391,7.590238677107287,10.91697649994947,1.0
7.249411942912536,8.606892553906867,1.7073847272171214,5.019130921777905,1.0
0.6065734899952431,7.902234451760971,15.723092399417911,3.137649025773998,1.0
2.638883882661184,8.62891231524471,9.458254464811695,0.4833215471977083,3.0
1.1888605578968938,9.153944997220837,8.934514294285297,0.3786036986755612,1.0
-1.057753888184798,10.463539116130459,17.756767583691115,6.800928665094558,3.0
-2.801567049008325,7.449951958491738,1.2951892869921888,2.4155697959311913,1.0
-0.4877021524912699,8.815235106546805,7.395863445904002,1.0205795446827468,1.0
3.57481235615193,8.31951654954698,11.936188137362517,2.940971939620031,1.0
-1.3261325247263862,6.364949665403651,7.163880047051448,5.353873738445353,2.0
-0.5609960094421274,7.96090676195164,16.281221612485492,6.990374769145945,1.0
2.6129113441511014,7.229290800023614,8.111706955203566,0.37680390698550287,1.0
-0.4173533949986332,7.2074023701652425,13.180052764281742,10.695810515768969,1.0
2.541910975699828,7.029216688772669,9.690031840874365,0.7411710501728092,1.0
-2.532570697648243,8.608118964239619,13.63075316188823,3.931764225193222,1.0
-1.0680154751904016,9.563349375967395,7.308530205438622,17.40624599995984,1.0
0.1973629005518842,6.673292698029934,2.664859888155764,0.8093538684016321,1.0
-2.2101572209288953,8.608820102447142,12.69328115463358,0.5064460659874351,2.0
2.9116123513308727,8.451688473586925,11.798409613319667,4.868169392087925,1.0
